Wilkens Patrik 	http://cn.linkedin.com/in/patrikwilkens
Scola Jerome	http://cn.linkedin.com/in/jeromescola
Green Sam	http://www.linkedin.com/pub/sam-green/0/b13/257
Wong Ken	http://cn.linkedin.com/pub/ken-wong/2b/6a0/b87
Cramp Jethro	http://cn.linkedin.com/in/cramp
Stabell Bjorn	http://cn.linkedin.com/in/beorn
Bulloss Oliver	http://cn.linkedin.com/in/bulloss
de Lau Jeroen	http://cn.linkedin.com/in/jeroendelau
Goodman Sam	http://cn.linkedin.com/in/samuelgoodman
Sun Tony	http://cn.linkedin.com/pub/tony-sun/25/597/660
Sitek Dagmara	http://cn.linkedin.com/pub/dagmara-sitek/28/480/347
Roncari Stefano	http://cn.linkedin.com/pub/stefano-n-roncari/0/274/297
lamarque Bertrand	http://cn.linkedin.com/in/bertrandlamarque
Yu Frank	http://cn.linkedin.com/pub/frank-yu/57/2a6/275
Qi Victor	http://cn.linkedin.com/in/victorqi
Cardenas Alvaro	http://cn.linkedin.com/in/acardenas
Gosiengfiao Julian	http://cn.linkedin.com/pub/julian-gosiengfiao/17/170/692
Li Tony	http://cn.linkedin.com/pub/tony-li/42/985/63
Jeon Jason	http://cn.linkedin.com/in/jasonjeon
Amy Liu	http://cn.linkedin.com/in/ithunteramy
Jelic Zdravko	http://hk.linkedin.com/pub/zdravko-jelic/5/233/164
Ouyang Guodong	http://cn.linkedin.com/pub/guodong-ouyang/48/70a/208
Zhang Chenlong	http://cn.linkedin.com/pub/chenlong-zhang/5a/871/179
xie nanhai	http://cn.linkedin.com/pub/nanhai-xie/36/38/772
Lai Xiaoting	http://cn.linkedin.com/pub/lai-xiaoting/40/93/4b5
Wei Amin	http://cn.linkedin.com/pub/wei-amin/4a/125/96
Wang Yifei	http://cn.linkedin.com/pub/wang-yifei/3a/97a/528
Li Jinglun	http://cn.linkedin.com/pub/jinglun-li/32/a69/42b
Luo Jing	http://cn.linkedin.com/pub/jing-luo/56/a55/598
Li Zhi	http://cn.linkedin.com/pub/zhi-li/34/b43/153
DA SILVA CUNHA ANDERSON	http://cn.linkedin.com/pub/anderson-da-silva-cunha/21/161/692
Coston Randall	http://cn.linkedin.com/pub/randall-coston/2/77/a8a
Ouyang Guodong	http://cn.linkedin.com/pub/guodong-ouyang/48/70a/208
Vanderplank Graham	http://cn.linkedin.com/in/grahamvanderplank
Piton Herve	http://cn.linkedin.com/in/hervepiton
Michalak Monika	http://cn.linkedin.com/pub/monika-michalak/31/666/67a
cao xiang	http://cn.linkedin.com/in/caox96
zhang lanmay	http://cn.linkedin.com/pub/lanmay-zhang/12/22a/857
Ronalds Alexander	http://cn.linkedin.com/in/expatbrat
Chaisiri Andy	http://www.linkedin.com/pub/andy-chaisiri/a/942/472
Lin Xiang	http://cn.linkedin.com/pub/xiang-lin/0/964/27
